"","lieux","longitude","latitude","Titre","poissons_liste","img_tags","fish_urls"
"1","Abrohlos Islands, Western Australia",113.5951698,-28.3001002,"Series 6 Ep1 Part 1 Abrohlos Islands Dhufish","<li> Dhufish Fish </li>","<img src=' http://rules.fish.wa.gov.au/species/image/14 ' width='200'>","<a href=' http://rules.fish.wa.gov.au/Species/Index/14 '> http://rules.fish.wa.gov.au/Species/Index/14 </a>"
"2","Abrolhos Islands, Western Australia",113.5951698,-28.3001002,"In todays show Steve and Ryan are in Luck Bay catching some great tailor off the beach. Then they head out to the Abrolhos Islands in search and to try some new Dhufish methods. T","<li> Tailor Fish </li><li>  Dhufish Fish </li>","<img src=' http://rules.fish.wa.gov.au/species/image/14 ' width='200'><br><img src=' http://rules.fish.wa.gov.au/species/image/20 ' width='200'>","<a href=' http://rules.fish.wa.gov.au/Species/Index/14 '> http://rules.fish.wa.gov.au/Species/Index/14 </a><br><a href=' http://rules.fish.wa.gov.au/Species/Index/20 '> http://rules.fish.wa.gov.au/Species/Index/20 </a>"
"3","Albany, Western Australia",117.8837114,-35.0268148,"Albany Whiting Fishing Western Australia Series 14 Ep 4 Full Show","<li> Whiting Fish </li><li>  Herring Fish </li>","<img src=' http://rules.fish.wa.gov.au/species/image/7 ' width='200'><br><img src=' http://rules.fish.wa.gov.au/species/image/24 ' width='200'>","<a href=' http://rules.fish.wa.gov.au/Species/Index/07 '> http://rules.fish.wa.gov.au/Species/Index/07 </a><br><a href=' http://rules.fish.wa.gov.au/Species/Index/24 '> http://rules.fish.wa.gov.au/Species/Index/24 </a>"
"4","Augusta South West, Western Australia",115.1572509,-34.3109803,"Augusta Red Snapper / Nanagi Fishing WA Series 3 Ep 8 Part 3","<li> Pink Snapper Fish </li>","<img src=' http://rules.fish.wa.gov.au/species/image/13 ' width='200'>","<a href=' http://rules.fish.wa.gov.au/Species/Index/13 '> http://rules.fish.wa.gov.au/Species/Index/13 </a>"
"5","Augusta, Western Australia",115.1572509,-34.3109803,"Augusta Salmon fishing WA Series 4 Ep 2 Part 1<br>Augusta Whiting <br>Steve is in Augusta getting lessons from a whiting master<br>Best of Fishing WA Episode 17 Preview - Mue Stones Tailor","<li> Salmon Fish </li><li> Whiting Fish </li><li> Tailor Fish </li><li>  Salmon Fish </li>","<img src=' http://rules.fish.wa.gov.au/species/image/128 ' width='200'><br><img src=' http://rules.fish.wa.gov.au/species/image/24 ' width='200'><br><img src=' http://rules.fish.wa.gov.au/species/image/20 ' width='200'>","<a href=' http://rules.fish.wa.gov.au/Species/Index/128 '> http://rules.fish.wa.gov.au/Species/Index/128 </a><br><a href=' http://rules.fish.wa.gov.au/Species/Index/24 '> http://rules.fish.wa.gov.au/Species/Index/24 </a><br><a href=' http://rules.fish.wa.gov.au/Species/Index/20 '> http://rules.fish.wa.gov.au/Species/Index/20 </a>"
"6","Barrack St Jetty, Western Australia",115.857861,-31.9597195,"Steve and Ira check out the Barrack St Jetty for some Black Bream<br>Barrack St Jetty Bream Fishing Western Australia","<li> Bream Black Fish </li><li>  Rig Fish </li>","<img src=' http://rules.fish.wa.gov.au/species/image/45 ' width='200'><br><img src=' http://rules.fish.wa.gov.au/species/image/180 ' width='200'>","<a href=' http://rules.fish.wa.gov.au/Species/Index/45 '> http://rules.fish.wa.gov.au/Species/Index/45 </a><br><a href=' http://rules.fish.wa.gov.au/Species/Index/180 '> http://rules.fish.wa.gov.au/Species/Index/180 </a>"
"7","Bernie Islands, Western Australia",113.1381998,-24.8504267,"Carnarvon Bernie Islands Tuna <br>Carnarvon Bernie Islands Tuna","<li> Tuna Fish </li>","<img src=' http://rules.fish.wa.gov.au/species/image/106 ' width='200'>","<a href=' http://rules.fish.wa.gov.au/Species/Index/106 '> http://rules.fish.wa.gov.au/Species/Index/106 </a>"
"8","Blackwood River South West, Western Australia",116.383975284579,-33.9330551851047,"South West Blackwood River Bream ","<li> Bream Black Fish </li>","<img src=' http://rules.fish.wa.gov.au/species/image/45 ' width='200'><br><img src=' http://rules.fish.wa.gov.au/species/image/180 ' width='200'>","<a href=' http://rules.fish.wa.gov.au/Species/Index/45 '> http://rules.fish.wa.gov.au/Species/Index/45 </a><br><a href=' http://rules.fish.wa.gov.au/Species/Index/180 '> http://rules.fish.wa.gov.au/Species/Index/180 </a>"
"9","Blackwood River, Western Australia",116.383975284579,-33.9330551851047,"Steve heads down south to the Blackwood River to get into some of the best Bream WA has to offer","<li> Bream Black Fish </li>","<img src=' http://rules.fish.wa.gov.au/species/image/45 ' width='200'><br><img src=' http://rules.fish.wa.gov.au/species/image/180 ' width='200'>","<a href=' http://rules.fish.wa.gov.au/Species/Index/45 '> http://rules.fish.wa.gov.au/Species/Index/45 </a><br><a href=' http://rules.fish.wa.gov.au/Species/Index/180 '> http://rules.fish.wa.gov.au/Species/Index/180 </a>"
"10","Broome, Western Australia",122.236998,-17.96182,"Series 5 Ep16 Broome Black Jew Fish<br>Crocodiles and Alligators Great Escape Fishing WA Series 2 Ep 17<br>Broome Fly Fishing Fishing Western Australia Series 14 Ep7 Full Show<br>Broome Sailfish How to Fishing Western Australia Series 14 Full Show","<li> Black Jew Fish </li><li> Cod Fish </li><li> Mackerel Fish </li><li>  Tuna Fish </li><li> Sailfish Fish </li>","<img src=' http://rules.fish.wa.gov.au/species/image/109 ' width='200'><br><img src=' http://rules.fish.wa.gov.au/species/image/70 ' width='200'><br><img src=' http://rules.fish.wa.gov.au/species/image/106 ' width='200'><br><img src=' http://rules.fish.wa.gov.au/species/image/164 ' width='200'><br><img src=' http://rules.fish.wa.gov.au/species/image/154 ' width='200'>","<a href=' http://rules.fish.wa.gov.au/Species/Index/109 '> http://rules.fish.wa.gov.au/Species/Index/109 </a><br><a href=' http://rules.fish.wa.gov.au/Species/Index/70 '> http://rules.fish.wa.gov.au/Species/Index/70 </a><br><a href=' http://rules.fish.wa.gov.au/Species/Index/106 '> http://rules.fish.wa.gov.au/Species/Index/106 </a><br><a href=' http://rules.fish.wa.gov.au/Species/Index/164 '> http://rules.fish.wa.gov.au/Species/Index/164 </a><br><a href=' http://rules.fish.wa.gov.au/Species/Index/154 '> http://rules.fish.wa.gov.au/Species/Index/154 </a>"
"11","Carnac Island, Western Australia",115.6620901,-32.1209579,"Series 6 Ep 3 Cockburn King George Whiting<br>Cockburn pink snapper<br>Ryan takes Steve out for more Pink Snapper fishing in the Cockburn Sound. This episode is a more in-depth show on how to catch them<br>Cockburn Sound Pink Snapper on Jigs <br>Cockburn Sound Pink Snapper<br>Steve heads out into the Cockburn Sound to learn from the Master Pink Snapper catcher Ryan Thipthorp<br>Well it never seems to end , everyone keeps asking Ryan about pink snapper. So for the last time here is Ryan fishing the pink snapper at night in Cockburn Sound","<li> King George Whiting Fish </li><li> Pink Snapper Fish </li>","<img src=' http://rules.fish.wa.gov.au/species/image/24 ' width='200'><br><img src=' http://rules.fish.wa.gov.au/species/image/13 ' width='200'>","<a href=' http://rules.fish.wa.gov.au/Species/Index/24 '> http://rules.fish.wa.gov.au/Species/Index/24 </a><br><a href=' http://rules.fish.wa.gov.au/Species/Index/13 '> http://rules.fish.wa.gov.au/Species/Index/13 </a>"
"12","Carnarvon, Western Australia",113.6570584,-24.8838363,"Oyster Creek Carnarvon Fishing WA Series 4 Ep 3 Part 2","<li> Oyster Fish </li>","<img src=' http://rules.fish.wa.gov.au/species/image/110 ' width='200'>","<a href=' http://rules.fish.wa.gov.au/Species/Index/110 '> http://rules.fish.wa.gov.au/Species/Index/110 </a>"
"13","Claremont Jetty, Western Australia",115.7814816,-31.989251,"Steve and Kurt go to the swan River in Claremont to try out some new stuff on Flathead","<li> Flathead Fish </li>","<img src=' http://rules.fish.wa.gov.au/species/image/19 ' width='200'>","<a href=' http://rules.fish.wa.gov.au/Species/Index/19 '> http://rules.fish.wa.gov.au/Species/Index/19 </a>"
"14","Cocos Islands, Western Australia",96.8417393,-12.1708739,"Cocos Islands Giant Trevally's<br>Steve is in the Cocos Islands hooking into Giant Trevally's at night off the local jetty","<li> Giant Trevally Fish </li>","<img src=' http://rules.fish.wa.gov.au/species/image/97 ' width='200'>","<a href=' http://rules.fish.wa.gov.au/Species/Index/97 '> http://rules.fish.wa.gov.au/Species/Index/97 </a>"
"15","Coral Bay, Western Australia",113.7723112,-23.1422976,"Coral Bay Monster Marlin  Fishing WA Series 3 Ep 13 Part 2<br>Coral Bay Blue Marlin <br>Steve and Ian are still in Coral Bay but this time Ian is going all out to catch a Marlin<br>Fishing Western Australia Series 13 Episode 10 Preview - Coral Bay Marlin<br>From the Fishing WA Archives Episode 4 - Coral Bay","<li> Marlin Fish </li><li> Blue Marlin Fish </li>","<img src=' http://rules.fish.wa.gov.au/species/image/77 ' width='200'>","<a href=' http://rules.fish.wa.gov.au/Species/Index/77 '> http://rules.fish.wa.gov.au/Species/Index/77 </a>"
"16","Dampier, Western Australia",116.7104871,-20.6624015,"Dampier Manta Rays and cobia<br>Best of Fishing WA Episode 9 Preview - Dampier Archipelago","<li> Manta Ray Fish </li><li>  Cobia Fish </li><li> Trout Fish </li><li>  Giant Trevally Fish </li>","<img src=' http://rules.fish.wa.gov.au/species/image/162 ' width='200'><br><img src=' http://rules.fish.wa.gov.au/species/image/72 ' width='200'><br><img src=' http://rules.fish.wa.gov.au/species/image/97 ' width='200'>","<a href=' http://rules.fish.wa.gov.au/Species/Index/162 '> http://rules.fish.wa.gov.au/Species/Index/162 </a><br><a href=' http://rules.fish.wa.gov.au/Species/Index/72 '> http://rules.fish.wa.gov.au/Species/Index/72 </a><br><a href=' http://rules.fish.wa.gov.au/Species/Index/97 '> http://rules.fish.wa.gov.au/Species/Index/97 </a>"
"17","Denmark, Western Australia",117.3530319,-34.9611404,"Fishing WA Series 3 Ep 5 Full Show<br>Denmark Herring how to <br>Steve and the ever dashing Harry :) are in Denmark to catch Herring","<li> Herring Fish </li>","<img src=' http://rules.fish.wa.gov.au/species/image/7 ' width='200'>","<a href=' http://rules.fish.wa.gov.au/Species/Index/07 '> http://rules.fish.wa.gov.au/Species/Index/07 </a>"
"18","Derby, Western Australia",123.6401839,-17.309288,"Series 5 Ep 11 Derby","<li> Barramundi Fish </li>","<img src=' http://rules.fish.wa.gov.au/species/image/18 ' width='200'>","<a href=' http://rules.fish.wa.gov.au/Species/Index/18 '> http://rules.fish.wa.gov.au/Species/Index/18 </a>"
"19","Dunsborough, Western Australia",115.1073616,-33.6177125,"Series 6 Ep 3 Dunsborough Dhufish","<li> Dhufish Fish </li>","<img src=' http://rules.fish.wa.gov.au/species/image/14 ' width='200'>","<a href=' http://rules.fish.wa.gov.au/Species/Index/14 '> http://rules.fish.wa.gov.au/Species/Index/14 </a>"
"20","East Fremantle Yacht Club, Western Australia",115.7641565,-32.0409373,"East Fremantle Whiting at night <br>Steve tags along with Ryan and Steve to East Fremantle to catch a feed of Whiting at night<br>East Fremantle Flathead <br>Steve drags out Tommo from the Ch9 sports team for a bit of Flathead bashing in East Fremantle","<li> Whiting Fish </li><li> Flathead Fish </li>","<img src=' http://rules.fish.wa.gov.au/species/image/24 ' width='200'><br><img src=' http://rules.fish.wa.gov.au/species/image/19 ' width='200'>","<a href=' http://rules.fish.wa.gov.au/Species/Index/24 '> http://rules.fish.wa.gov.au/Species/Index/24 </a><br><a href=' http://rules.fish.wa.gov.au/Species/Index/19 '> http://rules.fish.wa.gov.au/Species/Index/19 </a>"
"21","Esperance, Western Australia",121.8912724,-33.8613953,"4x4 fishing Esperance Fishing WA Series 3 Ep 4 Part 1<br>Salmon Fishing Bay of isles Esperance Fishing Western Australia Series 2 Ep 3 full show","<li> Salmon Fish </li><li>  Pink Snapper Fish </li>","<img src=' http://rules.fish.wa.gov.au/species/image/128 ' width='200'><br><img src=' http://rules.fish.wa.gov.au/species/image/13 ' width='200'>","<a href=' http://rules.fish.wa.gov.au/Species/Index/128 '> http://rules.fish.wa.gov.au/Species/Index/128 </a><br><a href=' http://rules.fish.wa.gov.au/Species/Index/13 '> http://rules.fish.wa.gov.au/Species/Index/13 </a>"
"22","Exmouth, Western Australia",114.1278654,-21.9323088,"Exmouth Marlin and Sailfish Fishing WA Series 1 Ep 12<br>Well this is the year Jacko and Nick joined Fishing Western Australia . Their first trip was to head north to Exmouth and chase some Marlin .<br>From the Fishing WA Archives Episode 3 - Exmouth Game Fishing","<li> Marlin Fish </li><li>  Sailfish Fish </li><li> Spanish Mackerel Fish </li>","<img src=' http://rules.fish.wa.gov.au/species/image/77 ' width='200'><br><img src=' http://rules.fish.wa.gov.au/species/image/154 ' width='200'><br><img src=' http://rules.fish.wa.gov.au/species/image/15 ' width='200'><br><img src=' http://rules.fish.wa.gov.au/species/image/164 ' width='200'>","<a href=' http://rules.fish.wa.gov.au/Species/Index/77 '> http://rules.fish.wa.gov.au/Species/Index/77 </a><br><a href=' http://rules.fish.wa.gov.au/Species/Index/154 '> http://rules.fish.wa.gov.au/Species/Index/154 </a><br><a href=' http://rules.fish.wa.gov.au/Species/Index/15 '> http://rules.fish.wa.gov.au/Species/Index/15 </a><br><a href=' http://rules.fish.wa.gov.au/Species/Index/164 '> http://rules.fish.wa.gov.au/Species/Index/164 </a>"
"23","Fremantle Swan River, Western Australia",115.755096,-32.0517901,"Fremantle Swan River Flathead <br>Steve goes to Fremantle to catch flathead in the Swan River","<li> Flathead Fish </li>","<img src=' http://rules.fish.wa.gov.au/species/image/19 ' width='200'>","<a href=' http://rules.fish.wa.gov.au/Species/Index/19 '> http://rules.fish.wa.gov.au/Species/Index/19 </a>"
"24","Fremantle, Western Australia",115.755096,-32.0517901,"Fremantle Tailor on poppers ","<li> Tailor Fish </li>","<img src=' http://rules.fish.wa.gov.au/species/image/20 ' width='200'>","<a href=' http://rules.fish.wa.gov.au/Species/Index/20 '> http://rules.fish.wa.gov.au/Species/Index/20 </a>"
"25","Gnaraloo, Western Australia",113.523903,-23.8214,"Gnaraloo Redfish <br>Steve in Gnaraloo hunting for Redfish on Jigs","<li> Redfish Fish </li>","<img src=' http://rules.fish.wa.gov.au/species/image/10 ' width='200'>","<a href=' http://rules.fish.wa.gov.au/Species/Index/10 '> http://rules.fish.wa.gov.au/Species/Index/10 </a>"
"26","Hartog Island Islands, Western Australia",113.0250269,-25.8024022,"Dirk Hartog Islands cobia","<li> Cobia Fish </li>","<img src=' http://rules.fish.wa.gov.au/species/image/162 ' width='200'>","<a href=' http://rules.fish.wa.gov.au/Species/Index/162 '> http://rules.fish.wa.gov.au/Species/Index/162 </a>"
"27","Harvey Dam, Western Australia",115.9296148,-33.0772744,"Marron Harvey Dam How to Fishing Western Australia Series 14 Ep13 Full show","<li> Marron Fish </li>","<img src=' http://rules.fish.wa.gov.au/species/image/29 ' width='200'>","<a href=' http://rules.fish.wa.gov.au/Species/Index/29 '> http://rules.fish.wa.gov.au/Species/Index/29 </a>"
"28","Kalbarri, Western Australia",114.1713913,-27.7115397,"Series 6 Ep 2 Kalbarri Bottom Fishing<br>Series 6 Ep 2 Kalbarri Tailor<br>Today Steve takes Ryan to Lucky Bay Kalbarri for some landbased tailor action.<br>Big Kalbarri Tailor Fishing WA Series 5 Ep6 Part 1<br>Don't do this by yourself <br> Fishing WA Series 3 Ep 12<br>Kalbarri Mulloway Fishing Western Australia Series 14 Ep 5<br>Kalbarri Lucky Bay Tailor <br>Best of Fishing WA Episode 14 Preview - Kalbarri Tailor","<li> Giant Trevally Fish </li><li> Tailor Fish </li><li> Mulloway Fish </li>","<img src=' http://rules.fish.wa.gov.au/species/image/97 ' width='200'><br><img src=' http://rules.fish.wa.gov.au/species/image/20 ' width='200'><br><img src=' http://rules.fish.wa.gov.au/species/image/121 ' width='200'>","<a href=' http://rules.fish.wa.gov.au/Species/Index/97 '> http://rules.fish.wa.gov.au/Species/Index/97 </a><br><a href=' http://rules.fish.wa.gov.au/Species/Index/20 '> http://rules.fish.wa.gov.au/Species/Index/20 </a><br><a href=' http://rules.fish.wa.gov.au/Species/Index/121 '> http://rules.fish.wa.gov.au/Species/Index/121 </a>"
"29","Kalgan Bridge, Western Australia",117.97935,-34.94904,"Albany Kalgan River Bream and Mulloway<br>Steve travels to Albany with Kurt Blanksby to catch Bream in the Kalgan River and get surprised by the Mulloway","<li> Bream Black Fish </li><li>  Mulloway Fish </li>","<img src=' http://rules.fish.wa.gov.au/species/image/45 ' width='200'><br><img src=' http://rules.fish.wa.gov.au/species/image/121 ' width='200'><br><img src=' http://rules.fish.wa.gov.au/species/image/180 ' width='200'>","<a href=' http://rules.fish.wa.gov.au/Species/Index/45 '> http://rules.fish.wa.gov.au/Species/Index/45 </a><br><a href=' http://rules.fish.wa.gov.au/Species/Index/121 '> http://rules.fish.wa.gov.au/Species/Index/121 </a><br><a href=' http://rules.fish.wa.gov.au/Species/Index/180 '> http://rules.fish.wa.gov.au/Species/Index/180 </a>"
"30","Kimberley, Western Australia",125.9152074,-17.3491799,"Monster Barramundi  Fishing WA Series 2 Ep 18 Part 3<br>Kimberley Barramundi Magic Fishing WA Series 2 Ep 16 Part 1full Episode<br>Monster Queenies in the Kimberley Fishing Western Australia Series 2 Ep 8 Part 2<br>Kimberley Barramundi <br>Fishing WA Series 3 Ep 1 Full Show<br>Fishing Western Australia Series 13 Episode 13 Preview - Kimberley Barramundi Fishing","<li> Barramundi Fish </li><li> Queen Fish </li><li> Bream Black Fish </li>","<img src=' http://rules.fish.wa.gov.au/species/image/18 ' width='200'><br><img src=' http://rules.fish.wa.gov.au/species/image/179 ' width='200'><br><img src=' http://rules.fish.wa.gov.au/species/image/45 ' width='200'><br><img src=' http://rules.fish.wa.gov.au/species/image/180 ' width='200'>","<a href=' http://rules.fish.wa.gov.au/Species/Index/18 '> http://rules.fish.wa.gov.au/Species/Index/18 </a><br><a href=' http://rules.fish.wa.gov.au/Species/Index/179 '> http://rules.fish.wa.gov.au/Species/Index/179 </a><br><a href=' http://rules.fish.wa.gov.au/Species/Index/45 '> http://rules.fish.wa.gov.au/Species/Index/45 </a><br><a href=' http://rules.fish.wa.gov.au/Species/Index/180 '> http://rules.fish.wa.gov.au/Species/Index/180 </a>"
"31","Lucky Bay, Western Australia",122.2356088,-33.993213,"Lucky Bay Land Based Tailor ","<li> Tailor Fish </li>","<img src=' http://rules.fish.wa.gov.au/species/image/20 ' width='200'>","<a href=' http://rules.fish.wa.gov.au/Species/Index/20 '> http://rules.fish.wa.gov.au/Species/Index/20 </a>"
"32","Mackerel Islands, Western Australia",115.0222393,-21.4601773,"Series 6 Ep 4 Mackerel Islands Sailfish<br>Series 6 Ep 4 mackerel islands Giant Trevally's<br>Mackerel Islands Spanish Macherel Fishing WA Series 1 Ep 4<br>mackerel islands roslyn kaye , Queen Fish Fishing Western Australia Series 10 Episode 1<br>Best of Fishing WA Episode 8 Preview - Mackerel Islands Giant Trevally","<li> Sailfish Fish </li><li> Giant Trevally Fish </li><li> Spanish Mackerel Fish </li><li> Queen Fish </li><li>  Trevally Fish </li>","<img src=' http://rules.fish.wa.gov.au/species/image/154 ' width='200'><br><img src=' http://rules.fish.wa.gov.au/species/image/97 ' width='200'><br><img src=' http://rules.fish.wa.gov.au/species/image/15 ' width='200'><br><img src=' http://rules.fish.wa.gov.au/species/image/164 ' width='200'><br><img src=' http://rules.fish.wa.gov.au/species/image/179 ' width='200'>","<a href=' http://rules.fish.wa.gov.au/Species/Index/154 '> http://rules.fish.wa.gov.au/Species/Index/154 </a><br><a href=' http://rules.fish.wa.gov.au/Species/Index/97 '> http://rules.fish.wa.gov.au/Species/Index/97 </a><br><a href=' http://rules.fish.wa.gov.au/Species/Index/15 '> http://rules.fish.wa.gov.au/Species/Index/15 </a><br><a href=' http://rules.fish.wa.gov.au/Species/Index/164 '> http://rules.fish.wa.gov.au/Species/Index/164 </a><br><a href=' http://rules.fish.wa.gov.au/Species/Index/179 '> http://rules.fish.wa.gov.au/Species/Index/179 </a>"
"33","Mandurah, Western Australia",115.7424077,-32.5361038,"Mandurah Dhufish going off <br>Steve heads out of mandurah to get into Dhufish<br>Mandurah Crabbing How to Fishing Western Australia Series 14 Ep 14 Full Show<br>Mandurah Estuary Whiting on Stick baits<br>Ryan shows how easy it is to catch whiting in the Mandurah Estuary<br>From the Fishing WA Archives Episode 1","<li> Dhufish Fish </li><li> Crab Fish </li><li> Whiting Fish </li><li> Tailor Fish </li>","<img src=' http://rules.fish.wa.gov.au/species/image/14 ' width='200'><br><img src=' http://rules.fish.wa.gov.au/species/image/46 ' width='200'><br><img src=' http://rules.fish.wa.gov.au/species/image/24 ' width='200'><br><img src=' http://rules.fish.wa.gov.au/species/image/20 ' width='200'>","<a href=' http://rules.fish.wa.gov.au/Species/Index/14 '> http://rules.fish.wa.gov.au/Species/Index/14 </a><br><a href=' http://rules.fish.wa.gov.au/Species/Index/46 '> http://rules.fish.wa.gov.au/Species/Index/46 </a><br><a href=' http://rules.fish.wa.gov.au/Species/Index/24 '> http://rules.fish.wa.gov.au/Species/Index/24 </a><br><a href=' http://rules.fish.wa.gov.au/Species/Index/20 '> http://rules.fish.wa.gov.au/Species/Index/20 </a>"
"34","Margaret River, Western Australia",115.0629667,-33.9535468,"Series 6 Ep 1 Part 2 Margaret River Whiting","<li> Whiting Fish </li><li>  Mangrove Jack Fish </li>","<img src=' http://rules.fish.wa.gov.au/species/image/24 ' width='200'><br><img src=' http://rules.fish.wa.gov.au/species/image/122 ' width='200'>","<a href=' http://rules.fish.wa.gov.au/Species/Index/24 '> http://rules.fish.wa.gov.au/Species/Index/24 </a><br><a href=' http://rules.fish.wa.gov.au/Species/Index/122 '> http://rules.fish.wa.gov.au/Species/Index/122 </a>"
"35","Maylands, Western Australia",115.8948862,-31.9336817,"Maylands Bream fishing ","<li> Bream Black Fish </li>","<img src=' http://rules.fish.wa.gov.au/species/image/45 ' width='200'><br><img src=' http://rules.fish.wa.gov.au/species/image/180 ' width='200'>","<a href=' http://rules.fish.wa.gov.au/Species/Index/45 '> http://rules.fish.wa.gov.au/Species/Index/45 </a><br><a href=' http://rules.fish.wa.gov.au/Species/Index/180 '> http://rules.fish.wa.gov.au/Species/Index/180 </a>"
"36","Mindarie Perth, Western Australia",115.7058228,-31.6897613,"Perth Dhufish and Pink Snapper on Jigs Fishing Western Australia Series 14 Ep15","<li> Dhufish Fish </li><li>  Pink Snapper Fish </li>","<img src=' http://rules.fish.wa.gov.au/species/image/13 ' width='200'><br><img src=' http://rules.fish.wa.gov.au/species/image/14 ' width='200'>","<a href=' http://rules.fish.wa.gov.au/Species/Index/13 '> http://rules.fish.wa.gov.au/Species/Index/13 </a><br><a href=' http://rules.fish.wa.gov.au/Species/Index/14 '> http://rules.fish.wa.gov.au/Species/Index/14 </a>"
"37","Mindarie, Western Australia",115.7058228,-31.6897613,"Mindarie Samson Fish <br>Ryan takes Steve out from Mindarie to catch Samson Fish of Fly","<li> Samson Fish </li>","<img src=' http://rules.fish.wa.gov.au/species/image/67 ' width='200'>","<a href=' http://rules.fish.wa.gov.au/Species/Index/67 '> http://rules.fish.wa.gov.au/Species/Index/67 </a>"
"38","Minden Reefs, Western Australia",115.725,-32.07083,"Perth Reef Tailor Fishing Series 4 Ep 10 Part 1","<li> Tailor Fish </li>","<img src=' http://rules.fish.wa.gov.au/species/image/20 ' width='200'>","<a href=' http://rules.fish.wa.gov.au/Species/Index/20 '> http://rules.fish.wa.gov.au/Species/Index/20 </a>"
"39","Monkey Mia Shark Bay, Western Australia",113.7166535,-25.7953126,"Monkey Mia Shark Bay Pink Snapper Fishing Western Australia Series 2 Ep 11 Part 2<br>Shark Bay Monkey Mia Tailor Fishing Western Australia Series 2 Ep 2 Full Show","<li> Pink Snapper Fish </li><li> Tailor Fish </li>","<img src=' http://rules.fish.wa.gov.au/species/image/13 ' width='200'><br><img src=' http://rules.fish.wa.gov.au/species/image/20 ' width='200'>","<a href=' http://rules.fish.wa.gov.au/Species/Index/13 '> http://rules.fish.wa.gov.au/Species/Index/13 </a><br><a href=' http://rules.fish.wa.gov.au/Species/Index/20 '> http://rules.fish.wa.gov.au/Species/Index/20 </a>"
"40","Moore River, Western Australia",115.6781261,-31.106771,"Series 5 Ep 9 Part 1 South of Moore River Tailor","<li> Tailor Fish </li>","<img src=' http://rules.fish.wa.gov.au/species/image/20 ' width='200'>","<a href=' http://rules.fish.wa.gov.au/Species/Index/20 '> http://rules.fish.wa.gov.au/Species/Index/20 </a>"
"41","Murchison River, Western Australia",118.842199434332,-25.8748055845538,"Fishing Kalbarri river ","<li> Mangrove Mangrove Jack Fish </li>","<img src=' http://rules.fish.wa.gov.au/species/image/122 ' width='200'>","<a href=' http://rules.fish.wa.gov.au/Species/Index/122 '> http://rules.fish.wa.gov.au/Species/Index/122 </a>"
"42","Onslow, Western Australia",115.105188,-21.6671744,"Fishing Western Australia Season 13 Episode 3 Preview - Onslow Part 2","<li> Tuna Fish </li>","<img src=' http://rules.fish.wa.gov.au/species/image/106 ' width='200'>","<a href=' http://rules.fish.wa.gov.au/Species/Index/106 '> http://rules.fish.wa.gov.au/Species/Index/106 </a>"
"43","Ord River, Western Australia",127.938856,-17.7562429,"Best of Fishing WA Episode 13 Preview - Ord River Barramundi","<li> Barramundi Fish </li>","<img src=' http://rules.fish.wa.gov.au/species/image/18 ' width='200'>","<a href=' http://rules.fish.wa.gov.au/Species/Index/18 '> http://rules.fish.wa.gov.au/Species/Index/18 </a>"
"44","Parmelia Bank, Western Australia",115.7081,-32.11889,"Cockburn Sound / Parmelia Bank , Squid and Whiting, Fishing WA Series 4 Ep 6 part 1<br>King George Whiting <br> Fishing WA Series 3 Ep 10 Part 2<br>Parmelia bank Cockburn sound Flathead ","<li> Squid Fish </li><li>  Whiting Fish </li><li> King George Whiting Fish </li><li> Flathead Fish </li>","<img src=' http://rules.fish.wa.gov.au/species/image/24 ' width='200'><br><img src=' http://rules.fish.wa.gov.au/species/image/28 ' width='200'><br><img src=' http://rules.fish.wa.gov.au/species/image/19 ' width='200'>","<a href=' http://rules.fish.wa.gov.au/Species/Index/24 '> http://rules.fish.wa.gov.au/Species/Index/24 </a><br><a href=' http://rules.fish.wa.gov.au/Species/Index/28 '> http://rules.fish.wa.gov.au/Species/Index/28 </a><br><a href=' http://rules.fish.wa.gov.au/Species/Index/19 '> http://rules.fish.wa.gov.au/Species/Index/19 </a>"
"45","Pemberton, Western Australia",116.0332544,-34.4455602,"Ryan and Steve head to Pemberton for some Redfin Fishing","<li> Redfin Fish </li>","<img src=' http://rules.fish.wa.gov.au/species/image/10 ' width='200'>","<a href=' http://rules.fish.wa.gov.au/Species/Index/10 '> http://rules.fish.wa.gov.au/Species/Index/10 </a>"
"46","Perth Rottnest Samson, Western Australia",115.5151009,-32.004113,"Best of Fishing WA Episode 6 Preview - Perth/Rottnest","<li> Tailor Fish </li>","<img src=' http://rules.fish.wa.gov.au/species/image/20 ' width='200'>","<a href=' http://rules.fish.wa.gov.au/Species/Index/20 '> http://rules.fish.wa.gov.au/Species/Index/20 </a>"
"47","Perth Swan River, Western Australia",115.911260309692,-31.8900342778201,"Steve chases big Winter Bream at Perth Yacht clubs on the Swan River with soft plastics<br>Perth Black Bream Fishing Western Australia Series 14 Ep 17 full Show","<li> Bream Black Fish </li>","<img src=' http://rules.fish.wa.gov.au/species/image/45 ' width='200'><br><img src=' http://rules.fish.wa.gov.au/species/image/180 ' width='200'>","<a href=' http://rules.fish.wa.gov.au/Species/Index/45 '> http://rules.fish.wa.gov.au/Species/Index/45 </a><br><a href=' http://rules.fish.wa.gov.au/Species/Index/180 '> http://rules.fish.wa.gov.au/Species/Index/180 </a>"
"48","Perth Yanchep Lagoon, Western Australia",115.6367536,-31.5481086,"Perth Yanchep Lagoon tailor ","<li> Tailor Fish </li>","<img src=' http://rules.fish.wa.gov.au/species/image/20 ' width='200'>","<a href=' http://rules.fish.wa.gov.au/Species/Index/20 '> http://rules.fish.wa.gov.au/Species/Index/20 </a>"
"49","Perth, Western Australia",115.861309,-31.9523123,"King George Whiting and Perth Dhufish Part 2 , Fishing WA Series 4 Ep 16 Part 2<br>Perth Dhufish<br>Ryan takes Steve out to the FADs off Perth for some great Mahi Mahi action<br>Perth Herring How to catch fishing WA Series 3 Ep 12<br>Perth Tailor Secrets <br>Steve and Ian head out the one of Perth's favorite fishing grounds. The Gemini Wreck and get smashed by Samson fish.<br>Perth Octopus Fishing Western Australia Series 14 Ep 16<br>Perth King George Whiting from shore Fishing Western Australia Series 2 Ep1 Full Show<br>Monster Perth Tailor Fishing WA Series 1 Ep 8<br>Perth Metro Squid Fishing Western Australia Series 14 Ep 3 Full Show<br>Perth Whiting Fishing Western Australia Series 14 Ep 2 Full Show<br>Perth Mahi Mahi Fishing Western Australia Series 14 Ep 1 Full Show<br>Fishing Western Australia Series 13 Episode 6 Preview - Perth Squid<br>Best of Fishing WA Episode 7 Preview - Perth Sambo","<li> King George Whiting Fish </li><li>  Dhufish Fish </li><li> Dhufish Fish </li><li> Mahi Fish </li><li> Perth Herring Fish </li><li>  Herring Fish </li><li> Tailor Fish </li><li> Samson Fish </li><li> Octopus Fish </li><li> Squid Fish </li><li> Whiting Fish </li>","<img src=' http://rules.fish.wa.gov.au/species/image/14 ' width='200'><br><img src=' http://rules.fish.wa.gov.au/species/image/24 ' width='200'><br><img src=' http://rules.fish.wa.gov.au/species/image/16 ' width='200'><br><img src=' http://rules.fish.wa.gov.au/species/image/7 ' width='200'><br><img src=' http://rules.fish.wa.gov.au/species/image/20 ' width='200'><br><img src=' http://rules.fish.wa.gov.au/species/image/67 ' width='200'><br><img src=' http://rules.fish.wa.gov.au/species/image/114 ' width='200'><br><img src=' http://rules.fish.wa.gov.au/species/image/28 ' width='200'>","<a href=' http://rules.fish.wa.gov.au/Species/Index/14 '> http://rules.fish.wa.gov.au/Species/Index/14 </a><br><a href=' http://rules.fish.wa.gov.au/Species/Index/24 '> http://rules.fish.wa.gov.au/Species/Index/24 </a><br><a href=' http://rules.fish.wa.gov.au/Species/Index/16 '> http://rules.fish.wa.gov.au/Species/Index/16 </a><br><a href=' http://rules.fish.wa.gov.au/Species/Index/07 '> http://rules.fish.wa.gov.au/Species/Index/07 </a><br><a href=' http://rules.fish.wa.gov.au/Species/Index/20 '> http://rules.fish.wa.gov.au/Species/Index/20 </a><br><a href=' http://rules.fish.wa.gov.au/Species/Index/67 '> http://rules.fish.wa.gov.au/Species/Index/67 </a><br><a href=' http://rules.fish.wa.gov.au/Species/Index/114 '> http://rules.fish.wa.gov.au/Species/Index/114 </a><br><a href=' http://rules.fish.wa.gov.au/Species/Index/28 '> http://rules.fish.wa.gov.au/Species/Index/28 </a>"
"50","Pilbara, Western Australia",121.5236826,-21.5921433,"Series 5 Ep 17 Pilbara","<li> Cobia Fish </li>","<img src=' http://rules.fish.wa.gov.au/species/image/162 ' width='200'>","<a href=' http://rules.fish.wa.gov.au/Species/Index/162 '> http://rules.fish.wa.gov.au/Species/Index/162 </a>"
"51","Point Samson, Western Australia",117.1935464,-20.6287308,"Point Samson Cobia, Fishing WA Series 4 Ep 1 Part 2 Point Samson Cobia<br>Point Samson Spanish Mackerel Fishing Western Australia Series 2 Ep 5 Part 2","<li> Cobia Fish </li><li> Spanish Mackerel Fish </li>","<img src=' http://rules.fish.wa.gov.au/species/image/162 ' width='200'><br><img src=' http://rules.fish.wa.gov.au/species/image/15 ' width='200'><br><img src=' http://rules.fish.wa.gov.au/species/image/164 ' width='200'>","<a href=' http://rules.fish.wa.gov.au/Species/Index/162 '> http://rules.fish.wa.gov.au/Species/Index/162 </a><br><a href=' http://rules.fish.wa.gov.au/Species/Index/15 '> http://rules.fish.wa.gov.au/Species/Index/15 </a><br><a href=' http://rules.fish.wa.gov.au/Species/Index/164 '> http://rules.fish.wa.gov.au/Species/Index/164 </a>"
"52","Rockingham, Western Australia",115.7351399,-32.2780969,"Series 5 Ep 10 Part 1 Rockingham Squid","<li> Squid Fish </li>","<img src=' http://rules.fish.wa.gov.au/species/image/28 ' width='200'>","<a href=' http://rules.fish.wa.gov.au/Species/Index/28 '> http://rules.fish.wa.gov.au/Species/Index/28 </a>"
"53","Rottnest Island Islands Samson, Western Australia",115.5151009,-32.004113,"Best of Fishing WA Episode 18 Preview - Rottnest Islands","<li> Salmon Fish </li><li>  Samson Fish </li><li>  Mackerel Fish </li>","<img src=' http://rules.fish.wa.gov.au/species/image/67 ' width='200'><br><img src=' http://rules.fish.wa.gov.au/species/image/128 ' width='200'><br><img src=' http://rules.fish.wa.gov.au/species/image/164 ' width='200'>","<a href=' http://rules.fish.wa.gov.au/Species/Index/67 '> http://rules.fish.wa.gov.au/Species/Index/67 </a><br><a href=' http://rules.fish.wa.gov.au/Species/Index/128 '> http://rules.fish.wa.gov.au/Species/Index/128 </a><br><a href=' http://rules.fish.wa.gov.au/Species/Index/164 '> http://rules.fish.wa.gov.au/Species/Index/164 </a>"
"54","Rowley Shoals, Western Australia",119.1666667,-17.3333333,"Coral Trout Fishing Western Australia Series 2 Ep 10 Part 1<br>Rowley Shoals Fishing Western Australia series 1 Ep5 Full Show","<li> Trout Fish </li><li> Marlin Fish </li><li>  Sailfish Fish </li>","<img src=' http://rules.fish.wa.gov.au/species/image/72 ' width='200'><br><img src=' http://rules.fish.wa.gov.au/species/image/77 ' width='200'><br><img src=' http://rules.fish.wa.gov.au/species/image/154 ' width='200'>","<a href=' http://rules.fish.wa.gov.au/Species/Index/72 '> http://rules.fish.wa.gov.au/Species/Index/72 </a><br><a href=' http://rules.fish.wa.gov.au/Species/Index/77 '> http://rules.fish.wa.gov.au/Species/Index/77 </a><br><a href=' http://rules.fish.wa.gov.au/Species/Index/154 '> http://rules.fish.wa.gov.au/Species/Index/154 </a>"
"55","Scarborough Beach, Western Australia",115.7548947,-31.8935181,"Local Perth Beach Fishing Fishing WA Series 2 Ep 12 Part 2","<li> Herring Fish </li><li>  Whiting Fish </li>","<img src=' http://rules.fish.wa.gov.au/species/image/7 ' width='200'><br><img src=' http://rules.fish.wa.gov.au/species/image/24 ' width='200'>","<a href=' http://rules.fish.wa.gov.au/Species/Index/07 '> http://rules.fish.wa.gov.au/Species/Index/07 </a><br><a href=' http://rules.fish.wa.gov.au/Species/Index/24 '> http://rules.fish.wa.gov.au/Species/Index/24 </a>"
"56","Shark Bay, Western Australia",113.9536466,-26.3773788,"5Kg Tailor Shark Bay Series 2 Ep 18 Part 2<br>Shark Bay Pink Snapper Fishing WA Series 2 Ep 18 Part 1","<li> Tailor Fish </li><li>  Shark Fish </li><li> Pink Snapper Fish </li>","<img src=' http://rules.fish.wa.gov.au/species/image/20 ' width='200'><br><img src=' http://rules.fish.wa.gov.au/species/image/13 ' width='200'>","<a href=' http://rules.fish.wa.gov.au/Species/Index/20 '> http://rules.fish.wa.gov.au/Species/Index/20 </a><br><a href=' http://rules.fish.wa.gov.au/Species/Index/13 '> http://rules.fish.wa.gov.au/Species/Index/13 </a>"
"57","South Muiron Island, Western Australia",114.3192862,-21.6915091,"Best of Fishing WA Episode 5 Preview - Deep sea Marlin","<li> Marlin Fish </li>","<img src=' http://rules.fish.wa.gov.au/species/image/77 ' width='200'>","<a href=' http://rules.fish.wa.gov.au/Species/Index/77 '> http://rules.fish.wa.gov.au/Species/Index/77 </a>"
"58","South West, Western Australia",116.0413889,-34.0556829,"Ryan is in the South West hunting for Salmon","<li> Salmon Fish </li>","<img src=' http://rules.fish.wa.gov.au/species/image/128 ' width='200'>","<a href=' http://rules.fish.wa.gov.au/Species/Index/128 '> http://rules.fish.wa.gov.au/Species/Index/128 </a>"
"59","Swan River Upper, Western Australia",115.911260309692,-31.8900342778201,"Series 5 Ep 16 Upper swan river","<li> Bream Black Fish </li>","<img src=' http://rules.fish.wa.gov.au/species/image/45 ' width='200'><br><img src=' http://rules.fish.wa.gov.au/species/image/180 ' width='200'>","<a href=' http://rules.fish.wa.gov.au/Species/Index/45 '> http://rules.fish.wa.gov.au/Species/Index/45 </a><br><a href=' http://rules.fish.wa.gov.au/Species/Index/180 '> http://rules.fish.wa.gov.au/Species/Index/180 </a>"
"60","Swan River, Western Australia",115.911260309692,-31.8900342778201,"Freo Swan Flathead<br>Ryan Takes Jacko down to the Swan River for some summer flathead fun<br>Swan River Big Winter Bream <br>Swan River flathead<br>Steve jumps in the tinny on the Swan River to get into some Bream fishing<br>Swan River Flathead Fishing Western Australia Series 2 Ep 8 Part 1","<li> Flathead Fish </li><li> Bream Black Fish </li>","<img src=' http://rules.fish.wa.gov.au/species/image/19 ' width='200'><br><img src=' http://rules.fish.wa.gov.au/species/image/45 ' width='200'><br><img src=' http://rules.fish.wa.gov.au/species/image/180 ' width='200'>","<a href=' http://rules.fish.wa.gov.au/Species/Index/19 '> http://rules.fish.wa.gov.au/Species/Index/19 </a><br><a href=' http://rules.fish.wa.gov.au/Species/Index/45 '> http://rules.fish.wa.gov.au/Species/Index/45 </a><br><a href=' http://rules.fish.wa.gov.au/Species/Index/180 '> http://rules.fish.wa.gov.au/Species/Index/180 </a>"
"61","Waego Beach, Western Australia",114.123872840859,-27.9037036233012,"Best of Fishing WA Episode 12 Preview - Waego Beach (Kalbarri)","<li> Pink Snapper Fish </li><li>  Tuna Fish </li><li>  Tailor Fish </li><li>  Mulloway Fish </li>","<img src=' http://rules.fish.wa.gov.au/species/image/13 ' width='200'><br><img src=' http://rules.fish.wa.gov.au/species/image/20 ' width='200'><br><img src=' http://rules.fish.wa.gov.au/species/image/106 ' width='200'><br><img src=' http://rules.fish.wa.gov.au/species/image/121 ' width='200'>","<a href=' http://rules.fish.wa.gov.au/Species/Index/13 '> http://rules.fish.wa.gov.au/Species/Index/13 </a><br><a href=' http://rules.fish.wa.gov.au/Species/Index/20 '> http://rules.fish.wa.gov.au/Species/Index/20 </a><br><a href=' http://rules.fish.wa.gov.au/Species/Index/106 '> http://rules.fish.wa.gov.au/Species/Index/106 </a><br><a href=' http://rules.fish.wa.gov.au/Species/Index/121 '> http://rules.fish.wa.gov.au/Species/Index/121 </a>"
"62","Warren River, Western Australia",115.915015970083,-34.6047249496599,"Warren River Redfin<br>Best of Fishing WA Episode 15 Preview - Warren River Redfin","<li> Redfin Fish </li>","<img src=' http://rules.fish.wa.gov.au/species/image/10 ' width='200'>","<a href=' http://rules.fish.wa.gov.au/Species/Index/10 '> http://rules.fish.wa.gov.au/Species/Index/10 </a>"
"63","Wilderness Island, Western Australia",114.518969,-22.071024,"Exmouth Mud Crabs Fishing Western Australia Series 14 Ep 9 Full Show<br>Emouth Mangrove jacks Fishing Western Australia Series 14 Ep8 Full Show","<li> Mud Crabs Fish </li><li>  Rig Fish </li><li> Mangrove Mangrove Jack Fish </li>","<img src=' http://rules.fish.wa.gov.au/species/image/46 ' width='200'><br><img src=' http://rules.fish.wa.gov.au/species/image/122 ' width='200'>","<a href=' http://rules.fish.wa.gov.au/Species/Index/46 '> http://rules.fish.wa.gov.au/Species/Index/46 </a><br><a href=' http://rules.fish.wa.gov.au/Species/Index/122 '> http://rules.fish.wa.gov.au/Species/Index/122 </a>"
"64","Wilson, Western Australia",115.9116754,-32.0197407,"Kevin Bloody Wilson goes bream fishing, Fishing Western Australia Series 2 Ep 6 Part 1","<li> Bream Black Fish </li>","<img src=' http://rules.fish.wa.gov.au/species/image/45 ' width='200'><br><img src=' http://rules.fish.wa.gov.au/species/image/180 ' width='200'>","<a href=' http://rules.fish.wa.gov.au/Species/Index/45 '> http://rules.fish.wa.gov.au/Species/Index/45 </a><br><a href=' http://rules.fish.wa.gov.au/Species/Index/180 '> http://rules.fish.wa.gov.au/Species/Index/180 </a>"
"65","Wymdham, Western Australia",128.1221866,-15.4869106,"Series 5 Ep 14  Wymdham","<li> Barramundi Fish </li>","<img src=' http://rules.fish.wa.gov.au/species/image/18 ' width='200'>","<a href=' http://rules.fish.wa.gov.au/Species/Index/18 '> http://rules.fish.wa.gov.au/Species/Index/18 </a>"
"66","Yanchep, Western Australia",115.6367536,-31.5481086,"Steve loves his Tailor and shows his secret Yanchep Tailor spot","<li> Tailor Fish </li>","<img src=' http://rules.fish.wa.gov.au/species/image/20 ' width='200'>","<a href=' http://rules.fish.wa.gov.au/Species/Index/20 '> http://rules.fish.wa.gov.au/Species/Index/20 </a>"
